<?xml version="1.0"?>
<men:mensaje xmlns:xsi="http://www.w3.org/2001/XMLSchema-instance"
  xsi:schemaLocation="https://marcosruiz.github.io/assets/img/tarea-xsd a03_mensaje.xsd"
  xmlns:men="https://marcosruiz.github.io/assets/img/tarea-xsd">
  <men:origen>
    <men:nombre>Ana Sanz Tin</men:nombre>
    <men:ciudad>Pamplona</men:ciudad>
  </men:origen>
  <men:destino>
    <men:nombre>Iker Rubio Mol</men:nombre>
    <men:ciudad>Sevilla</men:ciudad>
  </men:destino>
  <men:asunto>¡Vuelve pronto!</men:asunto>
</men:mensaje>