<?xml version="1.0" encoding="UTF-8"?>
<universidad>

    <nombre>Universidad de Zaragoza</nombre>
    <pais>España</pais>

    <!-- GRADOS -->

    <grados>

        <grado id="g01">
            <nombre>Grado en Ingeniería Informática</nombre>
            <plan>2003</plan>
            <creditos>250</creditos>
            <centro>Escuela de Informática</centro>
        </grado>

        <grado id="g02">
            <nombre>Grado en Administración y Dirección de Empresas</nombre>
            <plan>2000</plan>
            <creditos>275</creditos>
            <centro>Facultad de Ciencias Sociales</centro>
        </grado>

        <grado id="g03">
            <nombre>Grado en Relaciones Laborales</nombre>
            <plan>2000</plan>
            <creditos>280</creditos>
            <centro>Facultad de Ciencias Sociales</centro>
            <subdirector>Alfonso Martín Luque</subdirector>
        </grado>

        <grado id="g04">
            <nombre>Grado en Quimica</nombre>
            <plan>2003</plan>
            <creditos>175</creditos>
            <centro>Facultad de Ciencias Experimentales</centro>
        </grado>

        <grado id="g05">
            <nombre>Grado en Biotecnología</nombre>
            <plan>2000</plan>
            <creditos>175</creditos>
            <centro>Facultad de Ciencias</centro>
        </grado>

        <grado id="g06">
            <nombre>Grado en Humanidades</nombre>
            <plan>1980</plan>
            <creditos>475</creditos>
            <centro>Facultad de Humanidades</centro>
        </grado>

    </grados>

    <!-- ASIGNATURAS -->

    <asignaturas>

        <asignatura id="a01" titulacion="g01">
            <nombre>Ofimática</nombre>
            <creditosTeoricos>3</creditosTeoricos>
            <creditosPracticos>1.5</creditosPracticos>
            <trimestre>1</trimestre>
        </asignatura>

        <asignatura id="a02" titulacion="g01">
            <nombre>Ingeniería del Software</nombre>
            <creditosTeoricos>6</creditosTeoricos>
            <creditosPracticos>1.5</creditosPracticos>
            <trimestre>2</trimestre>
        </asignatura>

        <asignatura id="a03" titulacion="g02">
            <nombre>Administración de Empresas</nombre>
            <creditosTeoricos>4</creditosTeoricos>
            <creditosPracticos>1.5</creditosPracticos>
            <trimestre>1</trimestre>
        </asignatura>

        <asignatura id="a04" titulacion="g02">
            <nombre>Derecho Internacional</nombre>
            <creditosTeoricos>4</creditosTeoricos>
            <creditosPracticos>5</creditosPracticos>
            <trimestre>1</trimestre>
        </asignatura>

        <asignatura id="a05" titulacion="g04">
            <nombre>Pedagogía</nombre>
            <creditosTeoricos>4</creditosTeoricos>
            <creditosPracticos>1.5</creditosPracticos>
            <trimestre>2</trimestre>
        </asignatura>

        <asignatura id="a06" titulacion="g03">
            <nombre>Didáctica</nombre>
            <creditosTeoricos>4</creditosTeoricos>
            <creditosPracticos>3</creditosPracticos>
            <trimestre>2</trimestre>
        </asignatura>

        <asignatura id="a07" titulacion="g04">
            <nombre>Tecnología de los Alimentos</nombre>
            <creditosTeoricos>1.5</creditosTeoricos>
            <creditosPracticos>7.5</creditosPracticos>
            <trimestre>2</trimestre>
        </asignatura>

        <asignatura id="a08" titulacion="g01">
            <nombre>Bases de Datos</nombre>
            <creditosTeoricos>4.5</creditosTeoricos>
            <creditosPracticos>5.5</creditosPracticos>
            <trimestre>1</trimestre>
        </asignatura>

        <asignatura id="a09" titulacion="g06">
            <nombre>Historia del Pensamiento</nombre>
            <creditosTeoricos>6</creditosTeoricos>
            <creditosPracticos>0</creditosPracticos>
            <trimestre>2</trimestre>
        </asignatura>

    </asignaturas>

    <!-- ALUMNOS -->

    <alumnos>

        <alumno id="e01">
            <apellido1>Rivas</apellido1>
            <apellido2>Santos</apellido2>
            <nombre>Víctor Manuel</nombre>
            <sexo>Hombre</sexo>
            <estudios>
                <grado codigo="g01" />
                <asignaturas>
                    <asignatura codigo="a01" />
                    <asignatura codigo="a03" />
                    <asignatura codigo="a05" />
                    <asignatura codigo="a09" />
                </asignaturas>
            </estudios>
        </alumno>

        <alumno id="e02">
            <apellido1>Pérez</apellido1>
            <apellido2>García</apellido2>
            <nombre>Luisa</nombre>
            <sexo>Mujer</sexo>
            <estudios>
                <grado codigo="g02" />
                <asignaturas>
                    <asignatura codigo="a02" />
                    <asignatura codigo="a01" />
                </asignaturas>
                <proyecto>Web de IBM.com</proyecto>
            </estudios>

        </alumno>

        <alumno id="e03" beca="si">
            <apellido1>Pérez</apellido1>
            <apellido2>Romero</apellido2>
            <nombre>Fernando</nombre>
            <sexo>Hombre</sexo>
            <estudios>
                <grado codigo="g02" />
                <asignaturas>
                    <asignatura codigo="a02" />
                    <asignatura codigo="a01" />
                    <asignatura codigo="a04" />
                    <asignatura codigo="a09" />
                </asignaturas>
            </estudios>
        </alumno>

        <alumno id="e04">
            <apellido1>Avalón</apellido1>
            <apellido2>Jiménez</apellido2>
            <nombre>María</nombre>
            <sexo>Mujer</sexo>
            <estudios>
                <grado codigo="g01" />
                <asignaturas>
                    <asignatura codigo="a02" />
                    <asignatura codigo="a01" />
                    <asignatura codigo="a07" />
                </asignaturas>
                <proyecto>Estudio de Salinidad del Pantano Iris</proyecto>
            </estudios>
        </alumno>

    </alumnos>

</universidad>