<?xml version="1.0" encoding="UTF-8"?>
<!DOCTYPE panel [
    <!ELEMENT panel (aeropuerto, vuelo+, fecha)>
    <!ELEMENT aeropuerto (#PCDATA)>
    <!ELEMENT vuelo (semanal?, origen, destino, hsalida, hllegada)>
    <!ATTLIST vuelo codigo ID #REQUIRED>
    <!ATTLIST vuelo estado ( C | E |R ) "E">
    <!ELEMENT semanal EMPTY>
    <!ELEMENT origen (#PCDATA)>
    <!ELEMENT destino (#PCDATA)>
    <!ELEMENT hsalida (#PCDATA)>
    <!ELEMENT hllegada (#PCDATA)>
    <!ELEMENT fecha (#PCDATA)>
    ]>

<panel>
    <aeropuerto>JFK</aeropuerto>
    <vuelo codigo="V22" estado="R">
        <semanal />
        <origen>New York</origen>
        <destino>Chicago</destino>
        <hsalida>9:35</hsalida>
        <hllegada>11:35</hllegada>
    </vuelo>
    <vuelo codigo="V2" estado="C">
        <origen>New York</origen>
        <destino>Miami</destino>
        <hsalida>10:20</hsalida>
        <hllegada>11:20</hllegada>
    </vuelo>
    <fecha>20/12/2013</fecha>
</panel>