<?xml version="1.0" encoding="UTF-8"?>
<!DOCTYPE factura [
    <!ELEMENT factura (datos-emisor, datos-cliente, detalle-factura)>
    <!ATTLIST factura numero CDATA #REQUIRED>
    <!ATTLIST factura fecha CDATA #REQUIRED>
    <!ELEMENT datos-emisor (nombre, cif, telefono)>
    <!ELEMENT datos-cliente (nombre, cif, telefono)>
    <!ELEMENT nombre (#PCDATA)>
    <!ELEMENT cif (#PCDATA)>
    <!ELEMENT telefono (#PCDATA)>
    <!ELEMENT detalle-factura (linea+, importe)>
    <!ELEMENT linea (descripcion, cantidad, reacondicionado?, pvp)>
    <!ATTLIST linea codigo ID #REQUIRED>
    <!ATTLIST linea tipo (Libro | DVD | Varios) #IMPLIED>
    <!ELEMENT descripcion (#PCDATA)>
    <!ELEMENT cantidad (#PCDATA)>
    <!ELEMENT reacondicionado EMPTY>
    <!ELEMENT pvp (#PCDATA)>
    <!ELEMENT importe (#PCDATA)>
    ]>

<factura numero="27" fecha="18/12/2013">
    <datos-emisor>
        <nombre>Librería Pérez</nombre>
        <cif>25489194L</cif>
        <telefono>777888999</telefono>
    </datos-emisor>
    <datos-cliente>
        <nombre>Biblioteca Txantrea</nombre>
        <cif>68147997D</cif>
        <telefono>339944</telefono>
    </datos-cliente>
    <detalle-factura>
        <linea codigo="AW7" tipo="Libro">
            <descripcion>Analítica Web 2.0</descripcion>
            <cantidad>1</cantidad>
            <reacondicionado />
            <pvp>35€</pvp>
        </linea>
        <linea codigo="CP5" tipo="Varios">
            <descripcion>Curso de HTML</descripcion>
            <cantidad>2</cantidad>
            <pvp>40€</pvp>
        </linea>
        <importe>95€</importe>
    </detalle-factura>
</factura>