<?xml version="1.0" encoding="UTF-8"?>
<fo:root xmlns:fo="http://www.w3.org/1999/XSL/Format">
   <fo:layout-master-set>
      <fo:simple-page-master master-name="A4"
                             page-height="29.7cm"
                             page-width="21cm"
                             margin-top="1cm"
                             margin-bottom="2cm"
                             margin-left="2.5cm"
                             margin-right="2.5cm">
         <fo:region-body margin-top="3cm"/>
         <fo:region-before extent="3cm"/>
         <fo:region-after extent="1.5cm"/>
      </fo:simple-page-master>
   </fo:layout-master-set>
   <fo:page-sequence master-reference="A4">
      <fo:flow flow-name="xsl-region-body">
         <fo:block font-size="20pt"
                   font-family="sans-serif"
                   space-after.optimum="15pt"
                   text-align="center"
                   padding-top="3pt">Tarea: Introducción a XPath</fo:block>
         <fo:block font-size="14pt"
                   font-family="sans-serif"
                   space-after.optimum="15pt"
                   text-align="left"
                   padding-top="3pt">
    Módulo profesional: Lenguajes de Marcas y Sistemas de Gestión de Información
    Ciclo formativo: Desarrollo de Aplicaciones Multiplataforma
    Autor: Juan Marín Díez
    Fecha: 6/04/2024
  </fo:block>
         <fo:block font-size="18pt"
                   font-family="sans-serif"
                   space-after.optimum="15pt"
                   text-align="left"
                   padding-top="3pt">Actividad 1</fo:block>
         <fo:block font-size="14pt"
                   font-family="sans-serif"
                   space-after.optimum="15pt"
                   text-align="left"
                   padding-top="3pt">Dado el siguiente documento XML, escriba las expresiones XPath que devuelvan la respuesta deseada.</fo:block>
         <fo:block font-size="14pt"
                   font-family="sans-serif"
                   space-after.optimum="15pt"
                   text-align="left"
                   padding-top="3pt">Nombre del instituto.</fo:block>
         <fo:block font-size="14pt"
                   font-family="sans-serif"
                   space-after.optimum="15pt"
                   text-align="left"
                   padding-top="3pt">Salida esperada:</fo:block>
         <fo:block font-size="14pt"
                   font-family="sans-serif"
                   space-after.optimum="15pt"
                   text-align="left"
                   padding-top="3pt">Consulta XPath:</fo:block>
         <fo:block font-size="14pt"
                   font-family="sans-serif"
                   space-after.optimum="15pt"
                   text-align="left"
                   padding-top="3pt">Salida real:</fo:block>
         <fo:block font-size="14pt"
                   font-family="sans-serif"
                   space-after.optimum="15pt"
                   text-align="left"
                   padding-top="3pt">Página web del Instituto.</fo:block>
         <fo:block font-size="14pt"
                   font-family="sans-serif"
                   space-after.optimum="15pt"
                   text-align="left"
                   padding-top="3pt">Salida esperada:</fo:block>
         <fo:block font-size="14pt"
                   font-family="sans-serif"
                   space-after.optimum="15pt"
                   text-align="left"
                   padding-top="3pt">Consulta XPath:</fo:block>
         <fo:block font-size="14pt"
                   font-family="sans-serif"
                   space-after.optimum="15pt"
                   text-align="left"
                   padding-top="3pt">Salida real:</fo:block>
         <fo:block font-size="14pt"
                   font-family="sans-serif"
                   space-after.optimum="15pt"
                   text-align="left"
                   padding-top="3pt">Nombre de los Ciclos Formativos.</fo:block>
         <fo:block font-size="14pt"
                   font-family="sans-serif"
                   space-after.optimum="15pt"
                   text-align="left"
                   padding-top="3pt">Salida esperada:</fo:block>
         <fo:block font-size="14pt"
                   font-family="sans-serif"
                   space-after.optimum="15pt"
                   text-align="left"
                   padding-top="3pt">Consulta XPath:</fo:block>
         <fo:block font-size="14pt"
                   font-family="sans-serif"
                   space-after.optimum="15pt"
                   text-align="left"
                   padding-top="3pt">Salida real:</fo:block>
         <fo:block font-size="14pt"
                   font-family="sans-serif"
                   space-after.optimum="15pt"
                   text-align="left"
                   padding-top="3pt">Siglas por las que se conocen los Ciclos Formativos.</fo:block>
         <fo:block font-size="14pt"
                   font-family="sans-serif"
                   space-after.optimum="15pt"
                   text-align="left"
                   padding-top="3pt">Salida esperada:</fo:block>
         <fo:block font-size="14pt"
                   font-family="sans-serif"
                   space-after.optimum="15pt"
                   text-align="left"
                   padding-top="3pt">Consulta XPath:</fo:block>
         <fo:block font-size="14pt"
                   font-family="sans-serif"
                   space-after.optimum="15pt"
                   text-align="left"
                   padding-top="3pt">Salida real:</fo:block>
         <fo:block font-size="14pt"
                   font-family="sans-serif"
                   space-after.optimum="15pt"
                   text-align="left"
                   padding-top="3pt">Años en los que se publicaron los decretos de título de los Ciclos Formativos.</fo:block>
         <fo:block font-size="14pt"
                   font-family="sans-serif"
                   space-after.optimum="15pt"
                   text-align="left"
                   padding-top="3pt">Salida esperada:</fo:block>
         <fo:block font-size="14pt"
                   font-family="sans-serif"
                   space-after.optimum="15pt"
                   text-align="left"
                   padding-top="3pt">Consulta XPath:</fo:block>
         <fo:block font-size="14pt"
                   font-family="sans-serif"
                   space-after.optimum="15pt"
                   text-align="left"
                   padding-top="3pt">Salida real:</fo:block>
         <fo:block font-size="14pt"
                   font-family="sans-serif"
                   space-after.optimum="15pt"
                   text-align="left"
                   padding-top="3pt">Ciclos Formativos de Grado Medio (se trata de obtener el elemento &lt;ciclo&gt; completo).</fo:block>
         <fo:block font-size="14pt"
                   font-family="sans-serif"
                   space-after.optimum="15pt"
                   text-align="left"
                   padding-top="3pt">Salida esperada:</fo:block>
         <fo:block font-size="14pt"
                   font-family="sans-serif"
                   space-after.optimum="15pt"
                   text-align="left"
                   padding-top="3pt">Consulta XPath:</fo:block>
         <fo:block font-size="14pt"
                   font-family="sans-serif"
                   space-after.optimum="15pt"
                   text-align="left"
                   padding-top="3pt">Único paso de búsqueda</fo:block>
         <fo:block font-size="14pt"
                   font-family="sans-serif"
                   space-after.optimum="15pt"
                   text-align="left"
                   padding-top="3pt">Dos pasos de búsqueda</fo:block>
         <fo:block font-size="14pt"
                   font-family="sans-serif"
                   space-after.optimum="15pt"
                   text-align="left"
                   padding-top="3pt">Salida real:</fo:block>
         <fo:block font-size="14pt"
                   font-family="sans-serif"
                   space-after.optimum="15pt"
                   text-align="left"
                   padding-top="3pt">Nombre de los Ciclos Formativos de Grado Superior.</fo:block>
         <fo:block font-size="14pt"
                   font-family="sans-serif"
                   space-after.optimum="15pt"
                   text-align="left"
                   padding-top="3pt">Salida esperada:</fo:block>
         <fo:block font-size="14pt"
                   font-family="sans-serif"
                   space-after.optimum="15pt"
                   text-align="left"
                   padding-top="3pt">Consulta XPath:</fo:block>
         <fo:block font-size="14pt"
                   font-family="sans-serif"
                   space-after.optimum="15pt"
                   text-align="left"
                   padding-top="3pt">Salida real:</fo:block>
         <fo:block font-size="14pt"
                   font-family="sans-serif"
                   space-after.optimum="15pt"
                   text-align="left"
                   padding-top="3pt">Nombre de los Ciclos Formativos anteriores a 2010.</fo:block>
         <fo:block font-size="14pt"
                   font-family="sans-serif"
                   space-after.optimum="15pt"
                   text-align="left"
                   padding-top="3pt">Salida esperada:</fo:block>
         <fo:block font-size="14pt"
                   font-family="sans-serif"
                   space-after.optimum="15pt"
                   text-align="left"
                   padding-top="3pt">Consulta XPath:</fo:block>
         <fo:block font-size="14pt"
                   font-family="sans-serif"
                   space-after.optimum="15pt"
                   text-align="left"
                   padding-top="3pt">Único paso de búsqueda</fo:block>
         <fo:block font-size="14pt"
                   font-family="sans-serif"
                   space-after.optimum="15pt"
                   text-align="left"
                   padding-top="3pt">Dos pasos de búsqueda</fo:block>
         <fo:block font-size="14pt"
                   font-family="sans-serif"
                   space-after.optimum="15pt"
                   text-align="left"
                   padding-top="3pt">Salida real:</fo:block>
         <fo:block font-size="14pt"
                   font-family="sans-serif"
                   space-after.optimum="15pt"
                   text-align="left"
                   padding-top="3pt">Nombre de los Ciclos Formativos de 2008 o 2010.</fo:block>
         <fo:block font-size="14pt"
                   font-family="sans-serif"
                   space-after.optimum="15pt"
                   text-align="left"
                   padding-top="3pt">Salida esperada:</fo:block>
         <fo:block font-size="14pt"
                   font-family="sans-serif"
                   space-after.optimum="15pt"
                   text-align="left"
                   padding-top="3pt">Consulta XPath:</fo:block>
         <fo:block font-size="14pt"
                   font-family="sans-serif"
                   space-after.optimum="15pt"
                   text-align="left"
                   padding-top="3pt">Único paso de búsqueda</fo:block>
         <fo:block font-size="14pt"
                   font-family="sans-serif"
                   space-after.optimum="15pt"
                   text-align="left"
                   padding-top="3pt">Dos pasos de búsqueda</fo:block>
         <fo:block font-size="14pt"
                   font-family="sans-serif"
                   space-after.optimum="15pt"
                   text-align="left"
                   padding-top="3pt">Salida real:</fo:block>
         <fo:block font-size="14pt"
                   font-family="sans-serif"
                   space-after.optimum="15pt"
                   text-align="left"
                   padding-top="3pt">Último año en los que se ha publicado algún decreto de título de los Ciclos Formativos.</fo:block>
         <fo:block font-size="14pt"
                   font-family="sans-serif"
                   space-after.optimum="15pt"
                   text-align="left"
                   padding-top="3pt">Salida esperada:</fo:block>
         <fo:block font-size="14pt"
                   font-family="sans-serif"
                   space-after.optimum="15pt"
                   text-align="left"
                   padding-top="3pt">Consulta XPath:</fo:block>
         <fo:block font-size="14pt"
                   font-family="sans-serif"
                   space-after.optimum="15pt"
                   text-align="left"
                   padding-top="3pt">Salida real:</fo:block>
         <fo:block font-size="18pt"
                   font-family="sans-serif"
                   space-after.optimum="15pt"
                   text-align="left"
                   padding-top="3pt">Actividad 2</fo:block>
         <fo:block font-size="14pt"
                   font-family="sans-serif"
                   space-after.optimum="15pt"
                   text-align="left"
                   padding-top="3pt">Dado el siguiente documento XML, escriba las expresiones XPath que devuelvan la respuesta deseada.</fo:block>
         <fo:block font-size="14pt"
                   font-family="sans-serif"
                   space-after.optimum="15pt"
                   text-align="left"
                   padding-top="3pt">Nombre de los módulos que se imparten en el Instituto.</fo:block>
         <fo:block font-size="14pt"
                   font-family="sans-serif"
                   space-after.optimum="15pt"
                   text-align="left"
                   padding-top="3pt">Salida esperada:</fo:block>
         <fo:block font-size="14pt"
                   font-family="sans-serif"
                   space-after.optimum="15pt"
                   text-align="left"
                   padding-top="3pt">Consulta XPath:</fo:block>
         <fo:block font-size="14pt"
                   font-family="sans-serif"
                   space-after.optimum="15pt"
                   text-align="left"
                   padding-top="3pt">Salida real:</fo:block>
         <fo:block font-size="14pt"
                   font-family="sans-serif"
                   space-after.optimum="15pt"
                   text-align="left"
                   padding-top="3pt">Nombre de los módulos del ciclo ASIR.</fo:block>
         <fo:block font-size="14pt"
                   font-family="sans-serif"
                   space-after.optimum="15pt"
                   text-align="left"
                   padding-top="3pt">Salida esperada:</fo:block>
         <fo:block font-size="14pt"
                   font-family="sans-serif"
                   space-after.optimum="15pt"
                   text-align="left"
                   padding-top="3pt">Consulta XPath:</fo:block>
         <fo:block font-size="14pt"
                   font-family="sans-serif"
                   space-after.optimum="15pt"
                   text-align="left"
                   padding-top="3pt">Salida real:</fo:block>
         <fo:block font-size="14pt"
                   font-family="sans-serif"
                   space-after.optimum="15pt"
                   text-align="left"
                   padding-top="3pt">Nombre de los módulos que se imparten en el segundo curso de cualquier ciclo.</fo:block>
         <fo:block font-size="14pt"
                   font-family="sans-serif"
                   space-after.optimum="15pt"
                   text-align="left"
                   padding-top="3pt">Salida esperada:</fo:block>
         <fo:block font-size="14pt"
                   font-family="sans-serif"
                   space-after.optimum="15pt"
                   text-align="left"
                   padding-top="3pt">Consulta XPath:</fo:block>
         <fo:block font-size="14pt"
                   font-family="sans-serif"
                   space-after.optimum="15pt"
                   text-align="left"
                   padding-top="3pt">Salida real:</fo:block>
         <fo:block font-size="14pt"
                   font-family="sans-serif"
                   space-after.optimum="15pt"
                   text-align="left"
                   padding-top="3pt">Nombre de los módulos de menos de 5 horas semanales.</fo:block>
         <fo:block font-size="14pt"
                   font-family="sans-serif"
                   space-after.optimum="15pt"
                   text-align="left"
                   padding-top="3pt">Salida esperada:</fo:block>
         <fo:block font-size="14pt"
                   font-family="sans-serif"
                   space-after.optimum="15pt"
                   text-align="left"
                   padding-top="3pt">Consulta XPath:</fo:block>
         <fo:block font-size="14pt"
                   font-family="sans-serif"
                   space-after.optimum="15pt"
                   text-align="left"
                   padding-top="3pt">Salida real:</fo:block>
         <fo:block font-size="14pt"
                   font-family="sans-serif"
                   space-after.optimum="15pt"
                   text-align="left"
                   padding-top="3pt">Nombre de los módulos que se imparten en el primer curso de ASIR.</fo:block>
         <fo:block font-size="14pt"
                   font-family="sans-serif"
                   space-after.optimum="15pt"
                   text-align="left"
                   padding-top="3pt">Salida esperada:</fo:block>
         <fo:block font-size="14pt"
                   font-family="sans-serif"
                   space-after.optimum="15pt"
                   text-align="left"
                   padding-top="3pt">Consulta XPath:</fo:block>
         <fo:block font-size="14pt"
                   font-family="sans-serif"
                   space-after.optimum="15pt"
                   text-align="left"
                   padding-top="3pt">Salida real:</fo:block>
         <fo:block font-size="14pt"
                   font-family="sans-serif"
                   space-after.optimum="15pt"
                   text-align="left"
                   padding-top="3pt">Horas semanales de los módulos de más de 3 horas semanales.</fo:block>
         <fo:block font-size="14pt"
                   font-family="sans-serif"
                   space-after.optimum="15pt"
                   text-align="left"
                   padding-top="3pt">Salida esperada:</fo:block>
         <fo:block font-size="14pt"
                   font-family="sans-serif"
                   space-after.optimum="15pt"
                   text-align="left"
                   padding-top="3pt">Consulta XPath:</fo:block>
         <fo:block font-size="14pt"
                   font-family="sans-serif"
                   space-after.optimum="15pt"
                   text-align="left"
                   padding-top="3pt">Salida real:</fo:block>
         <fo:block font-size="14pt"
                   font-family="sans-serif"
                   space-after.optimum="15pt"
                   text-align="left"
                   padding-top="3pt">Nombre de los módulos con 2 y 5 horas semanales.</fo:block>
         <fo:block font-size="14pt"
                   font-family="sans-serif"
                   space-after.optimum="15pt"
                   text-align="left"
                   padding-top="3pt">Salida esperada:</fo:block>
         <fo:block font-size="14pt"
                   font-family="sans-serif"
                   space-after.optimum="15pt"
                   text-align="left"
                   padding-top="3pt">Consulta XPath:</fo:block>
         <fo:block font-size="14pt"
                   font-family="sans-serif"
                   space-after.optimum="15pt"
                   text-align="left"
                   padding-top="3pt">Salida real:</fo:block>
         <fo:block font-size="18pt"
                   font-family="sans-serif"
                   space-after.optimum="15pt"
                   text-align="left"
                   padding-top="3pt">Actividad 3</fo:block>
         <fo:block font-size="14pt"
                   font-family="sans-serif"
                   space-after.optimum="15pt"
                   text-align="left"
                   padding-top="3pt">Dado el siguiente documento XML, escriba las expresiones XPath que devuelvan la respuesta deseada.</fo:block>
         <fo:block font-size="14pt"
                   font-family="sans-serif"
                   space-after.optimum="15pt"
                   text-align="left"
                   padding-top="3pt">Nombre de los módulos del ciclo "Sistemas Microinformáticos y Redes" (en la expresión final no deben
    aparecer las siglas SMR).</fo:block>
         <fo:block font-size="14pt"
                   font-family="sans-serif"
                   space-after.optimum="15pt"
                   text-align="left"
                   padding-top="3pt">Salida esperada:</fo:block>
         <fo:block font-size="14pt"
                   font-family="sans-serif"
                   space-after.optimum="15pt"
                   text-align="left"
                   padding-top="3pt">Consulta XPath:</fo:block>
         <fo:block font-size="14pt"
                   font-family="sans-serif"
                   space-after.optimum="15pt"
                   text-align="left"
                   padding-top="3pt">Salida real:</fo:block>
         <fo:block font-size="14pt"
                   font-family="sans-serif"
                   space-after.optimum="15pt"
                   text-align="left"
                   padding-top="3pt">Nombre de los ciclos que incluyen el módulo "Lenguajes de marcas y sistemas de gestión de información".
  </fo:block>
         <fo:block font-size="14pt"
                   font-family="sans-serif"
                   space-after.optimum="15pt"
                   text-align="left"
                   padding-top="3pt">Salida esperada:</fo:block>
         <fo:block font-size="14pt"
                   font-family="sans-serif"
                   space-after.optimum="15pt"
                   text-align="left"
                   padding-top="3pt">Consulta XPath:</fo:block>
         <fo:block font-size="14pt"
                   font-family="sans-serif"
                   space-after.optimum="15pt"
                   text-align="left"
                   padding-top="3pt">Salida real:</fo:block>
         <fo:block font-size="14pt"
                   font-family="sans-serif"
                   space-after.optimum="15pt"
                   text-align="left"
                   padding-top="3pt">Nombre de los módulos de ciclos de Grado Superior.</fo:block>
         <fo:block font-size="14pt"
                   font-family="sans-serif"
                   space-after.optimum="15pt"
                   text-align="left"
                   padding-top="3pt">Salida esperada:</fo:block>
         <fo:block font-size="14pt"
                   font-family="sans-serif"
                   space-after.optimum="15pt"
                   text-align="left"
                   padding-top="3pt">Consulta XPath:</fo:block>
         <fo:block font-size="14pt"
                   font-family="sans-serif"
                   space-after.optimum="15pt"
                   text-align="left"
                   padding-top="3pt">Salida real:</fo:block>
         <fo:block font-size="14pt"
                   font-family="sans-serif"
                   space-after.optimum="15pt"
                   text-align="left"
                   padding-top="3pt">Nombre de los módulos de ciclos cuyo título se aprobó en 2008.</fo:block>
         <fo:block font-size="14pt"
                   font-family="sans-serif"
                   space-after.optimum="15pt"
                   text-align="left"
                   padding-top="3pt">Salida esperada:</fo:block>
         <fo:block font-size="14pt"
                   font-family="sans-serif"
                   space-after.optimum="15pt"
                   text-align="left"
                   padding-top="3pt">Consulta XPath:</fo:block>
         <fo:block font-size="14pt"
                   font-family="sans-serif"
                   space-after.optimum="15pt"
                   text-align="left"
                   padding-top="3pt">Salida real:</fo:block>
         <fo:block font-size="14pt"
                   font-family="sans-serif"
                   space-after.optimum="15pt"
                   text-align="left"
                   padding-top="3pt">Grado de los ciclos con módulos de primer curso.</fo:block>
         <fo:block font-size="14pt"
                   font-family="sans-serif"
                   space-after.optimum="15pt"
                   text-align="left"
                   padding-top="3pt">Salida esperada:</fo:block>
         <fo:block font-size="14pt"
                   font-family="sans-serif"
                   space-after.optimum="15pt"
                   text-align="left"
                   padding-top="3pt">Consulta XPath:</fo:block>
         <fo:block font-size="14pt"
                   font-family="sans-serif"
                   space-after.optimum="15pt"
                   text-align="left"
                   padding-top="3pt">Salida real:</fo:block>
         <fo:block font-size="14pt"
                   font-family="sans-serif"
                   space-after.optimum="15pt"
                   text-align="left"
                   padding-top="3pt">Suma de las horas de los módulos de "Administración de Sistemas Informáticos en Red" que se dán en 1 no
    se puede incluir la expresión ASIR</fo:block>
         <fo:block font-size="14pt"
                   font-family="sans-serif"
                   space-after.optimum="15pt"
                   text-align="left"
                   padding-top="3pt">Consulta XPath:</fo:block>
         <fo:block font-size="14pt"
                   font-family="sans-serif"
                   space-after.optimum="15pt"
                   text-align="left"
                   padding-top="3pt">Salida real:</fo:block>
      </fo:flow>
   </fo:page-sequence>
</fo:root>
