<?xml version="1.0" encoding="UTF-8"?>
<!DOCTYPE lugares [
    <!ELEMENT lugares (paises, ciudades)>
    <!ELEMENT paises (pais)*>
    <!ELEMENT pais (#PCDATA)>
      <!ATTLIST pais cod ID #REQUIRED>
    <!ELEMENT ciudades (ciudad)*>
    <!ELEMENT ciudad (#PCDATA)>
      <!ATTLIST ciudad pais IDREF #IMPLIED>
    ]>

<lugares>
  <paises>
    <pais cod="_1">Argentina</pais>
    <pais cod="_2">Austria</pais>
    <pais cod="_3">Japón</pais>
    <pais cod="_4">Noruega</pais>
  </paises>
  <ciudades>
    <ciudad pais="_3">Osaka</ciudad>
    <ciudad pais="_4">Oslo</ciudad>
    <ciudad>Sevilla</ciudad>
    <ciudad pais="_3">Tokio</ciudad>
    <ciudad pais="_2">Viena</ciudad>
  </ciudades>
</lugares>