<?xml version="1.0" encoding="UTF-8"?>
<fichas xmlns:xsi="http://www.w3.org/2001/XMLSchema-instance"
  xsi:noNamespaceSchemaLocation="a18_infoPersona.xsd">
  <ficha numero="1">
    <nombre>Eva</nombre>
    <anios>25</anios>
    <ciudad>París</ciudad>
    <pais>Francia</pais>
    <telefono>999888777</telefono>
  </ficha>
  <ficha numero="2">
    <nombre>Giovanni</nombre>
    <anios>26</anios>
    <ciudad>Florencia</ciudad>
    <pais>Italia</pais>
    <telefono>111222333</telefono>
  </ficha>
</fichas>