<?xml version="1.0" encoding="UTF-8"?>
<?xml-stylesheet href="entrada.xsl" type="text/xsl"?>
<ies>
  <nombre>Campus Digital</nombre>
  <web>http://www.iesabastos.org</web>
  <ciclos>
    <ciclo id="ASIR">
      <nombre>Administración de Sistemas Informáticos en Red</nombre>
      <grado>Superior</grado>
      <decretoTitulo año="2009" />
    </ciclo>
    <ciclo id="DAM">
      <nombre>Desarrollo de Aplicaciones Multiplataforma</nombre>
      <grado>Superior</grado>
      <decretoTitulo año="2010" />
    </ciclo>
    <ciclo id="SMR">
      <nombre>Sistemas Microinformáticos y Redes</nombre>
      <grado>Medio</grado>
      <decretoTitulo año="2008" />
    </ciclo>
  </ciclos>
</ies>